Rank	Release	Lifetime Gross	Max Theaters	Opening	Open Th	Release Date	Distributor	Franchise
1	Skyfall	$304,360,277	3,526	$88,364,714	3,505	Nov 9, 2012	Sony Pictures Releasing	James Bond
2	Spectre	$200,074,609	3,929	$70,403,148	3,929	Nov 6, 2015	Sony Pictures Releasing	James Bond
3	Quantum of Solace	$168,368,427	3,501	$67,528,882	3,451	Nov 14, 2008	Sony Pictures Releasing	James Bond
4	Casino Royale	$167,445,960	3,443	$40,833,156	3,434	November 17, 2006	Sony Pictures Releasing	James Bond
5	Die Another Day	$160,942,139	3,377	$47,072,040	3,314	Nov 22, 2002	Metro-Goldwyn-Mayer (MGM)	James Bond
6	The World Is Not Enough	$126,943,684	3,163	$35,519,007	3,163	November 19, 1999	Metro-Goldwyn-Mayer (MGM)	James Bond
7	Tomorrow Never Dies	$125,304,276	2,807	$25,143,007	2,807	Dec 19, 1997	Metro-Goldwyn-Mayer (MGM)	James Bond
8	GoldenEye	$106,429,941	2,667	$26,205,007	2,667	Nov 17, 1995	Metro-Goldwyn-Mayer (MGM)	James Bond
9	Moonraker	$70,308,099	788	$7,108,344	788	Jun 29, 1979	Metro-Goldwyn-Mayer (MGM)	James Bond
10	Octopussy	$67,893,619	1,339	$8,902,564	1,311	Jun 10, 1983	Metro-Goldwyn-Mayer (MGM)	James Bond
11	Thunderball	$63,595,658	-	-	-	Dec 21, 1965	United Artists	James Bond
12	Never Say Never Again	$55,432,841	1,560	$10,958,157	1,550	October 7, 1983	Warner Bros.	James Bond
13	For Your Eyes Only	$54,812,802	952	$6,834,967	952	Jun 26, 1981	Metro-Goldwyn-Mayer (MGM)	James Bond
14	The Living Daylights	$51,185,897	1,728	$11,051,284	1,728	Jul 31, 1987	United Artists	James Bond
15	Goldfinger	$51,081,062	-	-	-	Dec 22, 1964	United Artists	James Bond
16	A View to a Kill	$50,327,960	1,588	$10,687,114	1,583	May 24, 1985	Metro-Goldwyn-Mayer (MGM)	James Bond
17	The Spy Who Loved Me	$46,838,673	200	-	200	Jul 13, 1977	United Artists	James Bond
18	Diamonds Are Forever	$43,819,547	-	-	-	Dec 17, 1971	United Artists	James Bond
19	You Only Live Twice	$43,084,787	-	-	-	Jun 13, 1967	United Artists	James Bond
20	Live and Let Die	$35,377,836	-	-	-	Jun 27, 1973	United Artists	James Bond
21	Licence to Kill	$34,667,015	1,587	$8,774,776	1,575	Jul 14, 1989	United Artists	James Bond
22	From Russia with Love	$24,796,765	-	-	-	Apr 8, 1964	United Artists	James Bond
23	On Her Majesty's Secret Service	$22,774,493	-	-	-	Dec 18, 1969	United Artists	James Bond
24	The Man with the Golden Gun	$20,972,000	-	-	-	Dec 18, 1974	United Artists	James Bond
25	Dr. No	$16,067,035	-	-	-	May 8, 1963	United Artists	James Bond
-	No Time to Die	-	-	-	-	Nov 25, 2020	Metro-Goldwyn-Mayer (MGM)	James Bond